bytes,content-type,elapsed,endpoint,resource,status,entry-date,start-date,end-date
95940081,application/json,7.109,ffced0fab18bf0d23cb58e47f85a1032f6cf8fa738b5d0d694e8f2c0bd77c87c,58d5ad603e37f139c0d24a49567acb8d6c2101616133624c90eeb5aa196f8659,200,2021-05-27T12:17:50.777153,,
95940081,application/json,3.085,ffced0fab18bf0d23cb58e47f85a1032f6cf8fa738b5d0d694e8f2c0bd77c87c,58d5ad603e37f139c0d24a49567acb8d6c2101616133624c90eeb5aa196f8659,200,2021-05-28T10:28:12.036345,,
95940081,application/json,4.59,ffced0fab18bf0d23cb58e47f85a1032f6cf8fa738b5d0d694e8f2c0bd77c87c,58d5ad603e37f139c0d24a49567acb8d6c2101616133624c90eeb5aa196f8659,200,2021-06-01T03:05:43.405215,,
96082648,application/json,4.615,ffced0fab18bf0d23cb58e47f85a1032f6cf8fa738b5d0d694e8f2c0bd77c87c,ebe39bdb9a2cf3fb45d2905df97afe24c9a3ec84c47a8f6e29fb3d8ff133f457,200,2021-06-30T11:11:48.980599,,
96082648,application/json,4.828,ffced0fab18bf0d23cb58e47f85a1032f6cf8fa738b5d0d694e8f2c0bd77c87c,ebe39bdb9a2cf3fb45d2905df97afe24c9a3ec84c47a8f6e29fb3d8ff133f457,200,2021-07-01T00:35:05.150015,,
96082648,application/json,4.287,ffced0fab18bf0d23cb58e47f85a1032f6cf8fa738b5d0d694e8f2c0bd77c87c,ebe39bdb9a2cf3fb45d2905df97afe24c9a3ec84c47a8f6e29fb3d8ff133f457,200,2021-08-01T01:03:31.767427,,
96082648,application/json,4.729,ffced0fab18bf0d23cb58e47f85a1032f6cf8fa738b5d0d694e8f2c0bd77c87c,ebe39bdb9a2cf3fb45d2905df97afe24c9a3ec84c47a8f6e29fb3d8ff133f457,200,2021-08-31T15:22:29.066046,,
96082648,application/json,5.441,ffced0fab18bf0d23cb58e47f85a1032f6cf8fa738b5d0d694e8f2c0bd77c87c,ebe39bdb9a2cf3fb45d2905df97afe24c9a3ec84c47a8f6e29fb3d8ff133f457,200,2021-09-01T01:00:42.622238,,
96082648,application/json,4.882,ffced0fab18bf0d23cb58e47f85a1032f6cf8fa738b5d0d694e8f2c0bd77c87c,ebe39bdb9a2cf3fb45d2905df97afe24c9a3ec84c47a8f6e29fb3d8ff133f457,200,2021-09-09T15:43:32.898128,,
96096453,application/json,5.453,ffced0fab18bf0d23cb58e47f85a1032f6cf8fa738b5d0d694e8f2c0bd77c87c,9ddd939f4664b3f20a346d88c986e412f60079a293a5b33cabae46007f9b182c,200,2021-10-01T01:02:04.915953,,
